feature,importance_mean,importance_std
year,1718.868575749099,61.982440586984815
mileage,1312.7587801741386,33.13159318183562
make,807.9283595198638,89.86895336153378
model,807.3203448736693,26.31360078211991
mileage_per_year,409.8447259715821,23.338802834056604
days_since_posted,0.0,0.0
engine_cylinders,0.0,0.0
engine_liters,0.0,0.0
engine_cylinders_missing,0.0,0.0
engine_liters_missing,0.0,0.0
days_since_posted_missing,0.0,0.0
transmission,0.0,0.0
fuel,0.0,0.0
condition,0.0,0.0
body_type,0.0,0.0
state,0.0,0.0
