feature,importance_mean,importance_std
year,1782.6380412791427,58.66187694652767
mileage,1388.6178411086867,89.75271227505563
model,1046.9665385518488,50.958983432489724
make,853.5700453625781,46.587957391592646
mileage_per_year,434.36503797260946,12.783970270871096
days_since_posted,0.0,0.0
engine_cylinders,0.0,0.0
engine_liters,0.0,0.0
engine_cylinders_missing,0.0,0.0
engine_liters_missing,0.0,0.0
days_since_posted_missing,0.0,0.0
transmission,0.0,0.0
fuel,0.0,0.0
condition,0.0,0.0
body_type,0.0,0.0
state,0.0,0.0
