feature,importance_mean,importance_std
year,1571.5602248104856,91.56491509535397
mileage,1220.0185716736992,58.01280519447379
model,707.9511496516016,55.38542408618214
make,651.9373386582168,49.31290482921908
mileage_per_year,383.23387770676743,47.644018037605335
days_since_posted,0.0,0.0
engine_cylinders,0.0,0.0
engine_liters,0.0,0.0
engine_cylinders_missing,0.0,0.0
engine_liters_missing,0.0,0.0
days_since_posted_missing,0.0,0.0
transmission,0.0,0.0
fuel,0.0,0.0
condition,0.0,0.0
body_type,0.0,0.0
state,0.0,0.0
